{
  "Total" : {
    "transaction" : "Total",
    "sampleCount" : 2220,
    "errorCount" : 117,
    "errorPct" : 5.2702703,
    "meanResTime" : 337.4351351351358,
    "medianResTime" : 379.0,
    "minResTime" : 60.0,
    "maxResTime" : 2683.0,
    "pct1ResTime" : 533.9000000000001,
    "pct2ResTime" : 566.9499999999998,
    "pct3ResTime" : 794.79,
    "throughput" : 1.0271947496467284,
    "receivedKBytesPerSec" : 1.2270659324267799,
    "sentKBytesPerSec" : 0.18658029632255024
  },
  "DeleteReqres" : {
    "transaction" : "DeleteReqres",
    "sampleCount" : 740,
    "errorCount" : 56,
    "errorPct" : 7.5675673,
    "meanResTime" : 442.61486486486467,
    "medianResTime" : 404.5,
    "minResTime" : 364.0,
    "maxResTime" : 822.0,
    "pct1ResTime" : 542.0,
    "pct2ResTime" : 599.8999999999999,
    "pct3ResTime" : 792.59,
    "throughput" : 0.34248366376064654,
    "receivedKBytesPerSec" : 0.26827766469645997,
    "sentKBytesPerSec" : 0.05886437970886112
  },
  "PostReqres" : {
    "transaction" : "PostReqres",
    "sampleCount" : 740,
    "errorCount" : 61,
    "errorPct" : 8.243243,
    "meanResTime" : 456.90810810810814,
    "medianResTime" : 406.0,
    "minResTime" : 352.0,
    "maxResTime" : 2683.0,
    "pct1ResTime" : 560.0,
    "pct2ResTime" : 611.9499999999999,
    "pct3ResTime" : 828.0800000000004,
    "throughput" : 0.3424852488363601,
    "receivedKBytesPerSec" : 0.3116057128737891,
    "sentKBytesPerSec" : 0.074584189932137
  },
  "GetReqres" : {
    "transaction" : "GetReqres",
    "sampleCount" : 740,
    "errorCount" : 0,
    "errorPct" : 0.0,
    "meanResTime" : 112.78243243243246,
    "medianResTime" : 97.0,
    "minResTime" : 60.0,
    "maxResTime" : 512.0,
    "pct1ResTime" : 173.89999999999998,
    "pct2ResTime" : 195.94999999999993,
    "pct3ResTime" : 283.0800000000004,
    "throughput" : 0.34254723680105315,
    "receivedKBytesPerSec" : 0.6476102874804539,
    "sentKBytesPerSec" : 0.05318848696422603
  }
}